MONTERO (Call Me By Your Name),Lil Nas X
Peaches (feat. Daniel Caesar & Giveon),Justin Bieber
Kiss Me More (feat. SZA),Doja Cat
Astronaut In The Ocean,Masked Wolf
Heartbreak Anniversary,Giveon
deja vu,Olivia Rodrigo
Save Your Tears,The Weeknd
Goosebumps - Remix,Travis Scott
Up,Cardi B
Leave The Door Open,Bruno Mars
RAPSTAR,Polo G
Hold On,Justin Bieber
Met Him Last Night (feat. Ariana Grande),Demi Lovato
Beautiful Mistakes (feat. Megan Thee Stallion),Maroon 5
Heat Waves,Glass Animals
telepatía,Kali Uchis
WITHOUT YOU,The Kid LAROI
My Head & My Heart,Ava Max
Otra Noche Sin Ti,J Balvin
The Business,Tiësto
GIRL LIKE ME,Black Eyed Peas
As I Am (feat. Khalid),Justin Bieber
Arcade,Duncan Laurence
Your Love (9PM),ATB
Friday (feat. Mufasa & Hypeman) - Dopamine Re-Edit,Riton
On The Ground,ROSÉ
drivers license,Olivia Rodrigo
Shy Away,Twenty One Pilots
Fiel,Los Legendarios
Streets,Doja Cat
Good Days,SZA
Girls Like Us,Zoe Wees
You All Over Me (feat. Maren Morris) (Taylor’s Version) (From The Vault),Taylor Swift
Follow You,Imagine Dragons
BED,Joel Corry
Good Without,Mimi Webb
Calling My Phone,Lil Tjay
Wasted Love (feat. Lagique),Ofenbach
34+35,Ariana Grande
Therefore I Am,Billie Eilish
What’s Next,Drake
Mood (feat. iann dior),24kGoldn
DÁKITI,Bad Bunny
you broke me first,Tate McRae
On Me,Lil Baby
Back In Blood (feat. Lil Durk),Pooh Shiesty
Wants and Needs (feat. Lil Baby),Drake
Run It Up (feat. Offset & Moneybagg Yo),Lil Tjay
Time Today,Moneybagg Yo
Company (feat. Future),24kGoldn
Real As It Gets (feat. EST Gee),Lil Baby
ROLLIN N CONTROLLIN FREESTYLE,DUSTY LOCANE
Headshot (feat. Polo G & Fivio Foreign),Lil Tjay
Rule #1 (feat. Lil Yachty),DDG
Quicksand,Morray
Lemon Pepper Freestyle (feat. Rick Ross),Drake
4 Da Gang (with Roddy Ricch),42 Dugg
Richer (feat. Polo G),Rod Wave
Take It To Trial (feat. Yak Gotti),Young Stoner Life
Track Star,Mooski
Still Trappin' (with King Von),Lil Durk
Way Out (feat. Big Sean),Jack Harlow
Tombstone,Rod Wave
"SoIcyBoyz 2 (feat. Pooh Shiesty, Foogiano & Tay Keith)",Big Scarr
Street Runner,Rod Wave
JETSKI (feat. Lil Mosey & Lil Tecca),Internet Money
BIG PURR (Prrdd) (feat. Pooh Shiesty),Coi Leray
Finesse Out The Gang Way (feat. Lil Baby),Lil Durk
Errbody,Lil Baby
GNF (OKOKOK),Polo G
Masterpiece,DaBaby
White Lows Off Designer (feat. Lil Durk),Tee Grizzley
Whoopty,CJ
Show Me Up,Lil Tecca
No More Parties - Remix,Coi Leray
Case Closed,Young Dolph
Try Me,Lil Mosey
Hard For The Next (with Future),Moneybagg Yo
Bad Boy (with Young Thug),Juice WRLD
Throat Baby (Go Baby) (with DaBaby & City Girls) - Remix,BRS Kash
Batman,LPB Poody
Buss It,Erica Banks
Whipski (feat. Lil Skies & Internet Money),$NOT
Toxic Punk,YoungBoy Never Broke Again
Down To One,Luke Bryan
Glad You Exist,Dan + Shay
Breakups,Seaforth
Want It Again,Thomas Rhett
The Good Ones,Gabby Barrett
Gone,Dierks Bentley
Burn 'Em All,Kameron Marlowe
Better Than You’re Used To,Tyler Rich
Drunk (And I Don't Wanna Go Home),Elle King
Gone Too Soon,Andrew Jannakos
You Should Probably Leave,Chris Stapleton
Knowing You,Kenny Chesney
Made For You,Jake Owen
Heart Shut (feat. Tenille Townes),Alex Hall
Bucket List,Mitchell Tenpenny
Memory I Don't Mess With,Lee Brice
Somebody Like That,Tenille Arts
Momma’s House,Dustin Lynch
Lady,Brett Young
half of my hometown (feat. Kenny Chesney),Kelsea Ballerini
Almost Maybes,Jordan Davis
Waves,Luke Bryan
Forever After All,Luke Combs
Always Gonna Love You,Florida Georgia Line
Next Girl,Carly Pearce
Undivided,Tim McGraw
Found It in You,Tiera
Why Should We,CHASE WRIGHT
Chasing After You (with Maren Morris),Ryan Hurd
Hell Of A View,Eric Church
Growing Up,Thomas Rhett
One Too Many,Keith Urban
Home Sweet,Russell Dickerson
Long Haul,Ian Munsick
Another,Adam Doleac
Famous Friends,Chris Young
Starting Over,Chris Stapleton
Settling Down,Miranda Lambert
Nobody,Dylan Scott
Long Live,Florida Georgia Line
That Ain't Me No More,Matt Stell
Between You & Me,Roman Alexander
Town Home,Austin Burke
Things A Man Oughta Know,Lainey Wilson
Talk About,Seaforth
Off Road,Brad Paisley
Minimum Wage,Blake Shelton
Single Saturday Night,Cole Swindell
Mr. Perfectly Fine (Taylor’s Version) (From The Vault),Taylor Swift
BANKROLL (feat. A$AP Rocky & A$AP Ferg),BROCKHAMPTON
Set Him Up (feat. Ari Lennox),Queen Naija
Starstruck,Years & Years
Waves of Blue,Majid Jordan
Nobody But You,Sonder
Wave of You,Surfaces
Survivor,KNOWN.
Amor en Coma,Manuel Turizo
Sunset,Demi Lovato
Haunted House,Holly Humberstone
Anywhere Away From Here (Rag’n’Bone Man & P!nk),Rag'n'Bone Man
Sociopath,Olivia O'Brien
So I Lie,Miguel
Set The Table (feat. Claud),Ritt Momney
Boyz II Men,KIRBY
Link,Tierra Whack
Easter In Miami,Kodak Black
Lil Freak (feat. DreamDoll),CJ
burnout,Chynna
The Limit,DARKSIDE
Black Coffee,AVIV
Bottle Rocket,Briston Maroney
Night & Day,Kid Ink
Hunnid Or Better (feat. Bizzy Banks),Lil Eazzyy
STOP,AJ Mitchell
fooly cooly,boyband
Kids feat. Kyle,Benny Sings
Paradise,Cuco
Vertigo,Alice Merton
Money On The Table (ft. Benny The Butcher),Belly
La La La,AREA21
Dancing On Dangerous,Imanbek
Way Too Long,Nathan Dawe
BURBERRY,Myke Towers
Perfect,Lakeyah
I Got Feelings,Kevo Muney
Syrup,Tkay Maidza
Posing In Bondage,Japanese Breakfast
counting houses,Luz
America,London Grammar
f*kn around,Darren Criss
Destroyer,Of Monsters and Men
Heartbreak Tour,Kat & Alex
I Hate Every1,NOT THE MAIN CHARACTERS
I Think You Should Leave,OSTON
Lit (feat. YFN Lucci),MO3
Blood Roses (feat. Jae Skeese),Conway the Machine
Cowboys,Slayyyter
Relapse,Boys World
Paper Boy,Henjila
Nightstand,Justus Bennetts
Nolia Flow,Dee Watkins
Need It Back,Jay Loud
Level Up,ppcocaine
HIGH/BYE,Cody Frost
king of the nosebleeds,gabriel black
Purple,Unusual Demont
Hey Michael,Wallice
exception,renforshort
Osaka,SHAED
Madelyn,Anderson East
Die to Go Home,Brett Kissel
Love Again,Fancy Hagood
Prosper,S.O.
Viendo el Techo,Jay Wheeler
First Gear,Angelo Mota
Walk Down (feat. Pooh Shiesty),BigKayBeezy
In My Corner,ELHAE
LAVENDER,Dounia
Could Be Good,Kat Cunning
Hurricane (feat. HON & SMBDY),BUNT.
Umbrella,Wacotron
Belaire,Yung Mal
Stain,Peter Rosenberg
she calls me daddy,KiNG MALA
if i don't have your love,Afgan
Welcome 2 America,Prince
Ruff Ryders' Anthem,DMX
Leave The Door Open - Live,Bruno Mars
Pick Up Your Feelings,Jazmine Sullivan
Heartbreak Anniversary,Giveon
"Go Crazy (Remix) (feat. Young Thug, Future, Lil Durk & Mulatto)",Chris Brown
Body,Summer Walker
Dead Man Walking,Brent Faiyaz
How Much Can A Heart Take (feat. Yebba),Lucky Daye
Not Another Love Song,Ella Mai
Teach Me,SiR
I Can't Breathe,H.E.R.
7:00,Bryson Tiller
No Plans for Love (with Ne-Yo & Kent Jones),D-Nice
"Gravity (feat. Tyler, The Creator)",Brent Faiyaz
All To Me,Giveon
On It,Jazmine Sullivan
FWM,Tone Stith
Letter 2 U,BJ The Chicago Kid
Grounded,Ari Lennox
Same Space? - Remix,Tiana Major9
"By Yourself (feat. Bryson Tiller, Jhené Aiko & Mustard) - Remix",Ty Dolla $ign
He Said (feat. Miguel),dvsn
At My Worst (feat. Kehlani),Pink Sweat$
On Read with Tiana Major9,Lucky Daye
Damage,H.E.R.
"Your Turn (feat. Musiq Soulchild, Tish Hyman & 6LACK)",Ty Dolla $ign
You Got It - Remix,Vedo
Stuck On You,Giveon
F.U.C.K.,Victoria Monét
Wasted Energy (feat. Kaash Paige & Diamond Platnumz) - Remix,Alicia Keys
Girl Like Me (feat. H.E.R.),Jazmine Sullivan
PERSIAN RUGS,PARTYNEXTDOOR
Hit Different,SZA
All About You,Leon Bridges
Superstar,DaniLeigh
Wake Up Love,Teyana Taylor
Bad Habits,Usher
Mystery Lady (feat. Don Toliver),Masego
Use Somebody,dvsn
Rain (feat. Swae Lee),Trey Songz
Borderline,Brandy
SURF (feat. Masego),Xavier Omär
Lie To Me,Queen Naija
Lost One,Jazmine Sullivan
So Done (feat. Khalid),Alicia Keys
American Girl,Tom Petty and the Heartbreakers
All Along the Watchtower,Jimi Hendrix
Back In Black,AC/DC
Baba O'Riley,The Who
Sweet Emotion,Aerosmith
Another One Bites The Dust - Remastered 2011,Queen
Light My Fire,The Doors
Paradise City,Guns N' Roses
House Of The Rising Sun,The Animals
Like a Rolling Stone,Bob Dylan
Sunshine Of Your Love,Cream
Sweet Home Alabama,Lynyrd Skynyrd
Fortunate Son,Creedence Clearwater Revival
"Another Brick in the Wall, Pt. 2",Pink Floyd
The Chain,Fleetwood Mac
Me and Bobby McGee,Janis Joplin
The Joker,Steve Miller Band
Born To Be Wild,Steppenwolf
For What It's Worth,Buffalo Springfield
More Than a Feeling,Boston
Sultans of Swing,Dire Straits
Somebody to Love,Jefferson Airplane
Walk On the Wild Side,Lou Reed
Rock And Roll All Nite,KISS
Tom Sawyer,Rush
When Doves Cry,Prince
Every Breath You Take - Remastered 2003,The Police
A Horse with No Name,America
"Rocket Man (I Think It's Going To Be A Long, Long Time)",Elton John
I Want You to Want Me,Cheap Trick
Dream On,Aerosmith
Highway to Hell,AC/DC
I Hate Myself for Loving You,Joan Jett & The Blackhearts
Bohemian Rhapsody - Remastered 2011,Queen
White Room,Cream
Fortunate Son,Creedence Clearwater Revival
American Pie,Don McLean
Hurricane,Bob Dylan
Paranoid,Black Sabbath
Smoke on the Water,Deep Purple
My Sharona,The Knack
Turn! Turn! Turn! (To Everything There Is a Season),The Byrds
Dirty Deeds Done Dirt Cheap,AC/DC
Kickstart My Heart,Mötley Crüe
Born in the U.S.A.,Bruce Springsteen
Carry on Wayward Son,Kansas
Have You Ever Seen The Rain,Creedence Clearwater Revival
Back In The U.S.S.R. - 2018 Mix,The Beatles
You Really Got Me,The Kinks
Give A Little Bit,Supertramp
Riders on the Storm,The Doors
Sweet Child O' Mine,Guns N' Roses
Free Fallin',Tom Petty
Crazy Train,Ozzy Osbourne
Barracuda,Heart
Dust in the Wind,Kansas
Walk This Way,Aerosmith
Stranglehold,Ted Nugent
T.N.T.,AC/DC
Long Cool Woman (In a Black Dress) - 1999 Remaster,The Hollies
Gimme Shelter,The Rolling Stones
All Right Now,Free
Free Bird,Lynyrd Skynyrd
You Shook Me All Night Long,AC/DC
Welcome To The Jungle,Guns N' Roses
Sunshine Of Your Love,Cream
Pinball Wizard,The Who
Peace of Mind,Boston
Listen to the Music,The Doobie Brothers
Mary Jane's Last Dance,Tom Petty and the Heartbreakers
Enter Sandman,Metallica
Old Time Rock & Roll,Bob Seger
Brown Sugar,The Rolling Stones
Down On The Corner,Creedence Clearwater Revival
Hey Joe,Jimi Hendrix
Go Your Own Way,Fleetwood Mac
Gimme Three Steps,Lynyrd Skynyrd
Radar Love,Golden Earring
China Grove,The Doobie Brothers
Purple Haze,Jimi Hendrix
White Wedding - Pt. 1,Billy Idol
November Rain,Guns N' Roses
Mississippi Queen,Mountain
Who Are You,The Who
Magic Carpet Ride,Steppenwolf
Love Her Madly,The Doors
The Boys Of Summer,Don Henley
Bad Moon Rising,Creedence Clearwater Revival
Piece Of My Heart,Janis Joplin
All Day and All of the Night,The Kinks
Dude (Looks Like A Lady),Aerosmith
Sunday Bloody Sunday - Remastered 2008,U2
Midnight Rider,Allman Brothers Band
Everywhere,Fleetwood Mac
Somebody To Love - Remastered 2011,Queen
Long Train Runnin',The Doobie Brothers
Crazy On You,Heart
Break on Through (To the Other Side),The Doors
Going Dumb,Alesso
Rasputin,Majestic
Stay Mine,Timmy Trumpet
Turning Me Up (Hadal Ahbek),Issam Alnajjar
Love Again (feat. Alida),Alok
Last Time,Becky Hill
Temptation,SIDEPIECE
Bloodstream,twocolors
BED,Joel Corry
Streets - Disclosure Remix,Doja Cat
Everybody Wants To Party,Dubdogz
Fireworks,Purple Disco Machine
Rise,Lost Frequencies
Recap (with VanJess & Channel Tres),Kito
Solid Gold (feat. bshp),Disciples
Sky Is Crying,ZHU
Everything,3LAU
Leave A Little Love,Alesso
Take My Hand,LP Giobbi
Pressure (feat. Tove Lo),Martin Garrix
Big (feat. Gunna),Rita Ora
Problems,Don Diablo
Sacrifice,Bebe Rexha
You Used To,Nicky Romero
Never Look Back (feat. Syd Silvair),Oliver Heldens
Rise Up (feat. Vamero),VINAI
Shapes,Carla Monroe
Around The World (feat. NOUMENN),KSHMR
Young Forever,Lilly Ahlberg
Clouds,Slayyyter
One More (feat. Nile Rodgers),SG Lewis
Goodbye,Imanbek
Where The Lights Are Low,Toby Romeo
HEAT,Paul Woolford
Pump the Brakes,Dom Dolla
Tell Me Something,Maxinne
Marea (We’ve Lost Dancing),Fred again..
Caution,KAYTRANADA
Miles To Go,Kaskade
Lies,MK
Believe Me,Navos
Gotta Be You,NERVO
Amnesia (feat. GASHI),Loud Luxury
I Don't Wanna Go,Tujamo
Look at the Sky,Porter Robinson
Fake A Smile,Alan Walker
That Feeling (feat. Hayley May),Danny Quest
Summer 91 (Looking Back),Noizu
You,Martin Ikin
Too Much,Dimitri Vegas & Like Mike
Take Your Time,ARTY
Sweet Side (feat. Caitlyn Scarlett),Crazy Cousinz
Body Pump - UNIIQU3 Remix,Aluna
New Love (feat. Ellie Goulding),Silk City
Morning,Karen Harding
Under The Water,Camden Cox
Tuk Tuk (feat. ÄTNA),Solomun
Memories (feat. Kid Cudi) - 2021 Remix,David Guetta
Sacrificial (feat. PVRIS),Rezz
I Want Love (with Two Feet),Gryffin
Vibe Check,GRiZ
Afraid (feat. HARLEE),James Hype
Love We Had,Jess Bays
Float,Anabel Englund
I Won't Forget,Logic1000
Apricots,Bicep
Come Back Home,Petey Martin
The Logical Song,MATTN
Ke Star (feat. Vigro Deep),Focalistic
Twinkle Twinkle,Holy Molly
Warrior (feat. Travis Barker),Atreyu
Invincible (feat. Lindsey Stirling),Escape the Fate
Adrenaline,Zero 9:36
Breathe Again,Pop Evil
Skinny,KALEO
Every Time You Leave (Feat. Delaney Jane),I Prevail
Let The Bad Times Roll,The Offspring
And So It Went (feat. Tom Morello),The Pretty Reckless
Teardrops,Bring Me The Horizon
Once In A Lifetime,All Time Low
Dead Butterflies,Architects
Cutthroat,Imagine Dragons
Limbo,Royal Blood
Nowhere Generation,Rise Against
Heat Above,Greta Van Fleet
Don’t Back Down,Mammoth WVH
Everything We Need,A Day To Remember
Dirty,grandson
Seize the Power,YONAKA
WITHOUT YOU,Trippie Redd
The Past Is Dead,Beartooth
What Do You Gotta Lose?,Islander
Self Destructor,Chevelle
Wasteland,Seether
All My Favorite Songs,Weezer
Waiting On A War,Foo Fighters
Mercy,Ayron Jones
ESTELLA// (feat. Travis Barker),KennyHoopla
Beautiful Way,You Me At Six
acting like that (feat. Machine Gun Kelly),YUNGBLUD
Perfume,DE'WAYNE
1 Last Cigarette,The Band CAMINO
Flames (feat. Avril Lavigne),MOD SUN
Lola,Lilith Czar
I Got Love,Mother Mother
Dark Love (ft. Aaron Gillespie),Sullivan King
The Bandit,Kings of Leon
I Like The Way You Die,Black Honey
This is Our Life,Des Rocs
Bed Head,Manchester Orchestra
Hills Have Eyes,POORSTACY
fake friend,"nothing,nowhere."
They Don't Want What We Want (And They Don't Care),Asking Alexandria
F*ck The World,Badflower
California Dreamin',Dirty Honey
Patience,Chris Cornell
Got You Covered,GRACEY
Whatchumacallit,Col3trane
Remember you were the one,SHY Martin
Sad Girl,Charlotte Cardin
love u lately,Laica
The Giver,Livingston
Something,Rochelle Jordan
PIGEONS,Yxngxr1
Creature of Mine,Billie Marten
Like A Circle,Ben Abraham
Motion,Donel
Are We Having Any Fun?,Sir Sly
Astronaut In The Ocean,Masked Wolf
Do You Believe,Ali Gatie
What Other People Say,Sam Fischer
Cover Me In Sunshine,P!nk
Lil Bit,Nelly
Medicine,James Arthur
Floating Through Space,Sia
Titans (feat. Sia & Labrinth),Major Lazer
Dancing With The Devil,Demi Lovato
Goosebumps,HVME
Lifestyle (feat. Adam Levine),Jason Derulo
Arcade,Duncan Laurence
On My Way,Alan Walker
Wellerman - Sea Shanty / 220 KID x Billen Ted Remix,Nathan Evans
River,Tom Gregory
Provide (feat. Chris Brown & Mark Morrison),G-Eazy
Sweater Weather,The Neighbourhood
Bang!,AJR
One More Time (feat. Alida),Robin Schulz
Lifetime,Justin Bieber
Too Late (feat. Wiz Khalifa & Lukas Graham),Cash Cash
slower,Tate McRae
Monsters (feat. Demi Lovato and blackbear),All Time Low
Stronger (feat. Kesha),Sam Feldt
Little Bit of Love,Tom Grennan
GIRL LIKE ME,Black Eyed Peas
Copines,Aya Nakamura
Sweet Melody,Little Mix
911,Sech
Look What You've Done,Zara Larsson
PROBLEMA,Daddy Yankee
Dámelo To’ (feat. Myke Towers),Selena Gomez
EL MAKINON,KAROL G
Spaceman,Nick Jonas
CHICKEN TENDIES,Clinton Kane
Fever,Dua Lipa
Fly Away,Tones And I
1+1,Sia
You (with Marshmello & Vance Joy),benny blanco
GOOD TIME (feat. Shaggy),Niko Moon
I Hope (feat. Charlie Puth),Gabby Barrett
Fallin’ (Adrenaline),Why Don't We
2Drunk,Nick Jonas
Ella No Es Tuya - Remix,Rochy RD
"Spicy (feat. J Balvin, YG, Tyga & Post Malone) - Remix",Ty Dolla $ign
SO DONE,The Kid LAROI
Head Shoulders Knees & Toes (feat. Norma Jean Martine),Ofenbach
Hey Boy (feat. Burna Boy),Sia
Something Stupid (feat. AWA),Jonas Blue
Agua de Jamaica,Maluma
cheers (with Wiz Khalifa),blackbear
Nobody,NOTD
Diamonds,Sam Smith
Break My Heart,Dua Lipa
This Love,Maroon 5
Umbrella,Rihanna
Just Dance,Lady Gaga
Party In The U.S.A.,Miley Cyrus
Hips Don't Lie (feat. Wyclef Jean),Shakira
Yeah!,Usher
Pon de Replay,Rihanna
Love Story,Taylor Swift
Promiscuous,Nelly Furtado
I Gotta Feeling,Black Eyed Peas
Down,Jay Sean
Sex on Fire,Kings of Leon
Unwritten,Natasha Bedingfield
Oops!...I Did It Again,Britney Spears
Last Friday Night (T.G.I.F.),Katy Perry
Viva La Vida,Coldplay
Disturbia,Rihanna
I Kissed A Girl,Katy Perry
Poker Face,Lady Gaga
Since U Been Gone,Kelly Clarkson
Toxic,Britney Spears
Hot N Cold,Katy Perry
Bad Romance,Lady Gaga
Raise Your Glass,P!nk
Replay,Iyaz
TiK ToK,Kesha
I Knew You Were Trouble,Taylor Swift
Gimme More,Britney Spears
Halo,Beyoncé
Dynamite,Taio Cruz
The Tide Is High - Radio Mix,Atomic Kitten
Marry You,Bruno Mars
Cooler Than Me - Single Mix,Mike Posner
So What,P!nk
Womanizer,Britney Spears
We Are Never Ever Getting Back Together,Taylor Swift
The Sweet Escape,Gwen Stefani
About You Now,Sugababes
Crazy In Love (feat. Jay-Z),Beyoncé
"Whenever, Wherever",Shakira
Where Is The Love?,Black Eyed Peas
Potential Breakup Song,Aly & AJ
Sexy Bitch (feat. Akon),David Guetta
Bleeding Love,Leona Lewis
Single Ladies (Put a Ring on It),Beyoncé
Take A Bow,Rihanna
SexyBack (feat. Timbaland),Justin Timberlake
Hung Up,Madonna
Grenade,Bruno Mars
Break Your Heart,Taio Cruz
Complicated,Avril Lavigne
Low (feat. T-Pain),Flo Rida
Circus,Britney Spears
Irreplaceable,Beyoncé
Fergalicious,Fergie
Maneater,Nelly Furtado
Because Of You,Ne-Yo
Bye Bye Bye,*NSYNC
"Hey, Soul Sister",Train
Sk8er Boi,Avril Lavigne
No Air (feat. Chris Brown),Jordin Sparks
Telephone,Lady Gaga
SOS,Rihanna
Big Girls Don't Cry (Personal),Fergie
Superstar,Jamelia
The Way I Are,Timbaland
Love Song,Sara Bareilles
Survivor,Destiny's Child
In My Head,Jason Derulo
Empire State Of Mind,JAY-Z
Shut Up And Drive,Rihanna
Rock Your Body,Justin Timberlake
Beautiful Girls,Sean Kingston
Glamorous,Fergie
No One,Alicia Keys
Rude Boy,Rihanna
If I Were a Boy,Beyoncé
American Boy,Estelle
World of Our Own,Westlife
Dancing in the Moonlight,Toploader
Hollaback Girl,Gwen Stefani
Sweet Dreams,Beyoncé
4 Minutes (feat. Justin Timberlake & Timbaland),Madonna
Because of You,Kelly Clarkson
Temperature,Sean Paul
Smack That,Akon
Bubbly,Colbie Caillat
Pump It,Black Eyed Peas
Breakeven,The Script
Lady Marmalade,Christina Aguilera
Push The Button,Sugababes
So Sick,Ne-Yo
Meet Me Halfway,Black Eyed Peas
Crush,David Archuleta
Torn,Natalie Imbruglia
Wonderwall,Oasis
I Want It That Way,Backstreet Boys
To Be With You,Mr. Big
Tears In Heaven,Eric Clapton
More Than Words,Extreme
Breakfast At Tiffany's,Deep Blue Something
Walking in Memphis,Cher
When You Say Nothing At All,Ronan Keating
When You're Gone,Bryan Adams
Back for Good - Radio Mix,Take That
Believe,Cher
This Kiss,Faith Hill
Hold On,Wilson Phillips
Stop,Spice Girls
Kiss Me,Sixpence None The Richer
Ironic,Alanis Morissette
Truly Madly Deeply,Savage Garden
Walking on Broken Glass,Annie Lennox
Picture Of You,Boyzone
(Everything I Do) I Do It For You,Bryan Adams
Jessie,Joshua Kadison
The Shoop Shoop Song (It's In His Kiss),Cher
Angels,Robbie Williams
Out Of Reach,Gabrielle
Fading Like A Flower (Every Time You Leave),Roxette
As Long as You Love Me,Backstreet Boys
I Love You Always Forever,Donna Lewis
"Baby, I Love Your Way",Big Mountain
Only Wanna Be with You,Hootie & The Blowfish
No Matter What,Boyzone
Together Again,Janet Jackson
There She Goes,The La's
"Show Me Heaven - From ""Days Of Thunder""",Maria McKee
I Knew I Loved You,Savage Garden
What Can I Do,The Corrs
I Will Always Love You,Whitney Houston
Stars,Simply Red
2 Become 1,Spice Girls
Strong Enough,Cher
Endless Love,Lionel Richie
Sweetest Thing - The Single Mix,U2
Hero,Mariah Carey
You Gotta Be,Des'ree
Iris,The Goo Goo Dolls
Joyride,Roxette
A Whole New World (Aladdin's Theme),Peabo Bryson
Never Ever,All Saints
Weather With You,Crowded House
High,Lighthouse Family
Wannabe,Spice Girls
The Power of Love,Céline Dion
Amazed,Lonestar
Sometimes,Britney Spears
Moving on Up,M People
All I Wanna Do,Sheryl Crow
Over My Shoulder,Mike & The Mechanics
(I Can't Help) Falling In Love With You,UB40
Kiss from a Rose,Seal
I Swear,All-4-One
Life Is A Highway,Tom Cochrane
Dreams,Gabrielle
Come on over Baby (All I Want Is You) - Radio Version,Christina Aguilera
Nothing Compares 2 U,Sinéad O'Connor
Say What You Want,Texas
Bring It All Back,S Club 7
Heal the World,Michael Jackson
I Try,Macy Gray
I Have Nothing - Film Version,Whitney Houston
Quit Playing Games (With My Heart),Backstreet Boys
Bed Of Roses,Bon Jovi
Life,Des'ree
The Sign,Ace of Base
Always Be My Baby,Mariah Carey
Relight My Fire (feat. Lulu),Take That
...Baby One More Time,Britney Spears
Let Me Entertain You,Robbie Williams
Everybody (Backstreet's Back) - Radio Edit,Backstreet Boys
If It Makes You Happy,Sheryl Crow
Will You Be There - Single Version,Michael Jackson
You,Ten Sharp
How Deep Is Your Love,Take That
Vogue,Madonna
Justified & Ancient,The KLF
Runaway Train,Soul Asylum
Bitch,Meredith Brooks
Waterfalls,TLC
One,U2
Shiny Happy People,R.E.M.
Angel,Sarah McLachlan
Pure Shores,All Saints
Always,Bon Jovi
Black or White,Michael Jackson
"Rhythm Is A Dancer - 7"" Edit",SNAP!
Mr. Jones,Counting Crows
Crush,Jennifer Paige
Linger,The Cranberries
Un-Break My Heart,Toni Braxton
You Get What You Give,New Radicals
More Than Words,Extreme
Why,Annie Lennox
My Love Is Your Love,Whitney Houston
Mysterious Girl - Radio Edit,Peter Andre
Again,Janet Jackson
Fantasy,Mariah Carey
Please Forgive Me,Bryan Adams
I Love Your Smile,Shanice
Stay,Lisa Loeb & Nine Stories
Without You,Mariah Carey
Have You Ever Really Loved A Woman?,Bryan Adams
Genie In a Bottle,Christina Aguilera
Save Tonight,Eagle-Eye Cherry
How Bizarre,OMC
Stay Another Day,East 17
Two Princes,Spin Doctors
For Your Babies,Simply Red
Take on Me,a-ha
Every Breath You Take,The Police
Billie Jean,Michael Jackson
I Wanna Dance with Somebody (Who Loves Me),Whitney Houston
Summer Of '69,Bryan Adams
Another One Bites The Dust - Remastered 2011,Queen
The Best - Edit,Tina Turner
Dancing In the Dark,Bruce Springsteen
The Best,Tina Turner
Islands in the Stream,Dolly Parton
Crazy Little Thing Called Love - Remastered 2011,Queen
Karma Chameleon,Culture Club
The Power Of Love,Huey Lewis & The News
Walking On Sunshine,Katrina & The Waves
Every Little Thing She Does Is Magic,The Police
Hungry Heart,Bruce Springsteen
Walk Of Life,Dire Straits
Dancing On The Ceiling,Lionel Richie
Manic Monday,The Bangles
Stuck With You,Huey Lewis & The News
Uptown Girl,Billy Joel
Time After Time,Cyndi Lauper
The Way It Is,Bruce Hornsby
You Can Call Me Al,Paul Simon
If I Could Turn Back Time,Cher
I Knew You Were Waiting (For Me),George Michael
I Guess That's Why They Call It The Blues,Elton John
St. Elmos Fire (Man in Motion),John Parr
Wake Me Up Before You Go-Go,Wham!
Addicted To Love,Robert Palmer
The Look,Roxette
Purple Rain,Prince
Always on My Mind,Pet Shop Boys
Nikita,Elton John
Heaven Is a Place on Earth,Belinda Carlisle
Rosanna,TOTO
Girls Just Want to Have Fun,Cyndi Lauper
The Living Years,Mike & The Mechanics
"Get Outta My Dreams, Get Into My Car",Billy Ocean
We Built This City,Starship
What A Feeling,Irene Cara
9 to 5,Dolly Parton
Africa,TOTO
The Winner Takes It All,ABBA
Glory Days,Bruce Springsteen
Total Eclipse of the Heart,Bonnie Tyler
Easy Lover,Philip Bailey
Up Where We Belong,Joe Cocker
You Got It,Roy Orbison
She Drives Me Crazy,Fine Young Cannibals
Valerie,Steve Winwood
Bette Davis Eyes,Kim Carnes
Eternal Flame,The Bangles
Sledgehammer,Peter Gabriel
Holiday,Madonna
Black Velvet,Alannah Myles
A Groovy Kind Of Love,Phil Collins
Gloria,Laura Branigan
Love Changes (Everything),Climie Fisher
Maneater,Daryl Hall & John Oates
Super Trouper,ABBA
Run To You,Bryan Adams
Love Shack,The B-52's
The Way You Make Me Feel - 2012 Remaster,Michael Jackson
Higher Love - Single Version,Steve Winwood
True Colors,Cyndi Lauper
Heaven,Bryan Adams
I Got You Babe,UB40
We Didn't Start the Fire,Billy Joel
I Don't Want A Lover,Texas
"When the Going Gets Tough, The Tough Get Going",Billy Ocean
I Just Called To Say I Love You,Stevie Wonder
Alone,Heart
Glory of Love,Peter Cetera
Kokomo,The Beach Boys
Ebony & Ivory,Paul McCartney
I Want To Break Free,Queen
Just Can't Get Enough,Depeche Mode
I Can Dream About You,Dan Hartman
All Right,Christopher Cross
New Sensation,INXS
Papa Don't Preach,Madonna
Raspberry Beret,Prince
The Lady In Red,Chris de Burgh
Listen To Your Heart,Roxette
Free Fallin',Tom Petty
Never Tear Us Apart,INXS
Keep on Loving You,REO Speedwagon
Kiss,Prince
Sacrifice,Elton John
Like a Prayer,Madonna
"De Do Do Do, De Da Da Da",The Police
Our House,Madness
You Make My Dreams (Come True),Daryl Hall & John Oates
How Will I Know,Whitney Houston
Drive,The Cars
Fame,Irene Cara
End Of The Line,Traveling Wilburys
Missing You,John Waite
Need You Tonight,INXS
"Signed, Sealed, Delivered (I'm Yours)",Stevie Wonder
Three Little Birds,Bob Marley & The Wailers
Wonderful Tonight,Eric Clapton
September,"Earth, Wind & Fire"
How Deep Is Your Love,Bee Gees
Hold the Line,TOTO
Your Song,Elton John
Let Your Love Flow,The Bellamy Brothers
Tiny Dancer,Elton John
Midnight Train to Georgia,Gladys Knight & The Pips
Maggie May,Rod Stewart
I Can See Clearly Now,Johnny Nash
"December, 1963 (Oh, What a Night)",Frankie Valli & The Four Seasons
My Life,Billy Joel
Cecilia,Simon & Garfunkel
Easy,Commodores
Follow You Follow Me - Remastered 2007,Genesis
Big Yellow Taxi,Joni Mitchell
What a Fool Believes,The Doobie Brothers
You Are The Sunshine Of My Life,Stevie Wonder
Daniel,Elton John
Piano Man,Billy Joel
The Air That I Breathe - 2008 Remaster,The Hollies
Wild World,Yusuf / Cat Stevens
Bridge Over Troubled Water,Simon & Garfunkel
Crocodile Rock,Elton John
Everything I Own,Bread
Solsbury Hill,Peter Gabriel
Fire and Rain,James Taylor
Lola,The Kinks
More Than a Feeling,Boston
50 Ways to Leave Your Lover,Paul Simon
Take A Chance On Me,ABBA
Vincent,Don McLean
Burning Love,Elvis Presley
"Knowing Me, Knowing You",ABBA
It Never Rains in Southern California,Albert Hammond
If You Leave Me Now,Chicago
Layla,Derek & The Dominos
Lean on Me,Bill Withers
The Boxer,Simon & Garfunkel
Jolene,Dolly Parton
Afternoon Delight,Starland Vocal Band
Sir Duke,Stevie Wonder
Lovely Day,Bill Withers
Born to Run,Bruce Springsteen
Here You Come Again,Dolly Parton
Ventura Highway,America
You Ain't Seen Nothing Yet,Bachman-Turner Overdrive
Landslide,Fleetwood Mac
Kiss You All Over,Exile
Mandy,Barry Manilow
You Make Me Feel Like Dancing - Remastered,Leo Sayer
You Sexy Thing,Hot Chocolate
Love Will Keep Us Together,Captain & Tennille
Still The Same,Bob Seger
Superstition,Stevie Wonder
Get It On,T. Rex
Rock the Boat,Hues Corporation
Forever In Blue Jeans,Neil Diamond
Right Down the Line,Gerry Rafferty
Morning Has Broken,Yusuf / Cat Stevens
Love Train,The O'Jays
Your Smiling Face,James Taylor
I Don't Like Mondays,The Boomtown Rats
Summer Breeze,Seals and Crofts
When You're In Love With A Beautiful Woman,Dr. Hook
Grease - 2007 Remaster,Frankie Valli
Fernando,ABBA
We Are Family,Sister Sledge
Love Really Hurts Without You,Billy Ocean
Sultans Of Swing,Dire Straits
Always On My Mind,Elvis Presley
Dancing In The Moonlight (It's Caught Me In It's Spotlight),Thin Lizzy
Waterloo,ABBA
Laughter In The Rain,Neil Sedaka
Rich Girl,Daryl Hall & John Oates
Dancing In The Moonlight,King Harvest
I Shot The Sheriff,Eric Clapton
This Will Be (An Everlasting Love),Natalie Cole
I Will Always Love You,Dolly Parton
Top Of The World,Carpenters
Do It Again,Steely Dan
We Can Work It Out,Stevie Wonder
Please Mr. Postman,Carpenters
The Chain - 2004 Remaster,Fleetwood Mac
Joy To The World,Three Dog Night
Dirty Work,Steely Dan
The Rose,Bette Midler
Best of My Love,The Emotions
I Say a Little Prayer,Aretha Franklin
I Got You Babe,Sonny & Cher
To Love Somebody,Bee Gees
Breaking Up Is Hard to Do,Neil Sedaka
A Whiter Shade Of Pale,Procol Harum
Suspicious Minds,Elvis Presley
Daydream Believer,The Monkees
Son of a Preacher Man,Dusty Springfield
Stand By Me,Ben E. King
Brown Eyed Girl,Van Morrison
"I Can't Help Myself (Sugar Pie, Honey Bunch)",Four Tops
For Once In My Life,Stevie Wonder
Homeward Bound,Simon & Garfunkel
Under the Boardwalk,The Drifters
Leaving on a Jet Plane,"Peter, Paul and Mary"
Proud Mary,Creedence Clearwater Revival
(Your Love Keeps Lifting Me) Higher & Higher,Jackie Wilson
"Oh, Pretty Woman",Roy Orbison
Save the Last Dance for Me,The Drifters
I Only Want To Be With You,Dusty Springfield
You Can't Hurry Love,The Supremes
Both Sides Now,Joni Mitchell
I Heard It Through The Grapevine,Marvin Gaye
Downtown,Petula Clark
Up on the Roof,The Drifters
"Moon River (From ""Breakfast at Tiffany's"")",Andy Williams
Cupid,Sam Cooke
Dancing In The Street - Single Version,Martha Reeves & The Vandellas
Green Green Grass Of Home,Tom Jones
"Lay, Lady, Lay",Bob Dylan
Crazy - Single Version,Patsy Cline
Different Drum,Stone Poneys
A Place In The Sun,Stevie Wonder
Mr. Tambourine Man,The Byrds
This Guy's In Love With You,Herb Alpert & The Tijuana Brass
Gimme Some Lovin' - Single Mix,The Spencer Davis Group
What the World Needs Now Is Love,Dionne Warwick
To Sir with Love,Lulu
Only the Lonely,Roy Orbison
Be My Baby,The Ronettes
"Reach Out, I'll Be There",Four Tops
Everyday People,Sly & The Family Stone
In the Midnight Hour,Wilson Pickett
Everlasting Love,Love Affair
Will You Love Me Tomorrow,The Shirelles
The First Time Ever I Saw Your Face,Roberta Flack
Wake up Little Susie,The Everly Brothers
My Girl,The Temptations
(You Make Me Feel Like) A Natural Woman,Aretha Franklin
You Don't Have To Say You Love Me,Dusty Springfield
Sugar Sugar,The Archies
This Old Heart Of Mine (Is Weak For You),The Isley Brothers
What A Wonderful World,Louis Armstrong
Another Saturday Night,Sam Cooke
Knock on Wood,Eddie Floyd
Mustang Sally,Wilson Pickett
One Fine Day,The Chiffons
River Deep - Mountain High,Ike & Tina Turner
Both Sides Now,Judy Collins
My Way,Frank Sinatra
The Loco-Motion - Single Version,Little Eva
Itchycoo Park,Small Faces
Baby Love,The Supremes
America,Simon & Garfunkel
Someday We'll Be Together,Diana Ross & The Supremes
When a Man Loves a Woman,Percy Sledge
Soul Man,Sam & Dave
Bad Moon Rising,Creedence Clearwater Revival
Chain of Fools,Aretha Franklin
Where Do You Go To (My Lovely),Peter Sarstedt
Do You Know the Way to San Jose,Dionne Warwick
Hard to Handle,Otis Redding
Hey Jude,Wilson Pickett
I Wish I Knew How It Would Feel to Be Free,Nina Simone
Baby I Need Your Loving,Four Tops
The Tracks Of My Tears,Smokey Robinson & The Miracles
Georgy Girl,The Seekers
My Girl,Otis Redding
Rhythm of the Rain,The Cascades
Just Like a Woman,Bob Dylan
Respect,Aretha Franklin
Bring It On Home to Me,Sam Cooke
Here Comes the Sun,Nina Simone
Stop! In The Name Of Love,The Supremes
My Guy - Single Version,Mary Wells
In Dreams,Roy Orbison
Mr. Tambourine Man,Bob Dylan
Crying in the Rain,The Everly Brothers
River Deep - Mountain High,Ike & Tina Turner
Runaway,Del Shannon
Unchained Melody,The Righteous Brothers
Walk on By,Dionne Warwick
September In The Rain,Dinah Washington
What Becomes Of The Brokenhearted,Jimmy Ruffin
You Never Can Tell,Chuck Berry
Rescue Me,Fontella Bass
Spanish Eyes,Al Martino
Honey,Bobby Goldsboro
In the Ghetto,Elvis Presley
Do You Believe in Magic?,The Lovin' Spoonful
I Am a Rock,Simon & Garfunkel
Crying,Roy Orbison
Then He Kissed Me,The Crystals
You Send Me,Aretha Franklin
"So Long, Marianne",Leonard Cohen
Are You Lonesome Tonight,Elvis Presley
Do You Love Me,The Contours
Louie Louie,The Kingsmen
Strangers In The Night,Frank Sinatra
Mack the Knife,Bobby Darin
Blueberry Hill,Fats Domino
(‘Til) I Kissed You,The Everly Brothers
All I Have to Do Is Dream,The Everly Brothers
Tennessee Waltz,Patti Page
Smile,Nat King Cole
You Send Me,Sam Cooke
Beyond the Sea,Bobby Darin
The Great Pretender,The Platters
True Love Ways,Buddy Holly
Unforgettable,Nat King Cole
Dream Lover,Bobby Darin
Jambalaya (On The Bayou),Fats Domino
I Can't Stop Loving You,Ray Charles
All Shook Up,Elvis Presley
Twilight Time,The Platters
Bye Bye Love,The Everly Brothers
Broken Hearted Melody,Sarah Vaughan
Peggy Sue,Buddy Holly
Cheek To Cheek,Ella Fitzgerald
Smoke Gets In Your Eyes,The Platters
Sea Of Love,Phil Phillips
It Doesn't Matter Anymore,Buddy Holly
Blue Moon,Billie Holiday
Dream A Little Dream Of Me,Ella Fitzgerald
Everyday,Buddy Holly
Summertime Blues,Eddie Cochran
You Belong To Me,Jo Stafford
Great Balls Of Fire,Jerry Lee Lewis
Johnny B. Goode,Chuck Berry
Rave On,Buddy Holly
Blue Skies,Ella Fitzgerald
Baby (You've Got What It Takes),Dinah Washington
Personality,Lloyd Price
Tutti Frutti,Little Richard
I Get A Kick Out Of You,Frank Sinatra
Magic Moments,Perry Como
Whole Lot of Shakin' Going On,Jerry Lee Lewis
Summertime,Louis Armstrong
Jambalaya (On The Bayou),Hank Williams
Stagger Lee,Lloyd Price
Heartbreak Hotel,Elvis Presley
Come Softly To Me,The Fleetwoods
Born Too Late,The Poni-Tails
"Hallelujah, I Love Her So",Ray Charles
Maybellene,Chuck Berry
I Walk the Line,Johnny Cash
Love Letters In The Sand - Single Version,Pat Boone
Diana,Paul Anka
Blue Suede Shoes,Elvis Presley
Roll Over Beethoven,Chuck Berry
Be-Bop-A-Lula,Gene Vincent & His Blue Caps
Stupid Cupid,Connie Francis
They Can't Take That Away From Me,Ella Fitzgerald
Chantilly Lace,The Big Bopper
Buona Sera - Remastered,Louis Prima
Lucille,Little Richard
Banana Boat (Day-O),Harry Belafonte
Hound Dog,Elvis Presley
Maybe Baby,The Crickets
Sweet Little Sixteen,Chuck Berry
Rip It Up,Little Richard
Just A Gigolo - Remastered,Louis Prima
Reet Petite,Jackie Wilson
I Only Have Eyes for You,The Flamingos
"The Theme From ""A Summer Place""",Percy Faith
Why Do Fools Fall In Love,Frankie Lymon & The Teenagers
Misty,Johnny Mathis
Oh! Carol,Neil Sedaka
Lonely Boy,Paul Anka
Only You (And You Alone),The Platters
Love & Marriage,Frank Sinatra
Money (That's What I Want),Barrett Strong
"See You Later, Alligator",Bill Haley & His Comets
Sixteen Tons,Tennessee Ernie Ford
On The Street Where You Live,Vic Damone
C’Mon Everybody,Eddie Cochran
Rebel Rouser,Duane Eddy
Splish Splash,Bobby Darin
Blue Suede Shoes,Carl Perkins
Fever,Peggy Lee
Little Bitty Pretty One,Thurston Harris
At The Hop,Danny & The Juniors
Papa Loves Mambo,Perry Como
Mr. Blue,The Fleetwoods
Pennies From Heaven,Louis Prima
Wild One,Jerry Lee Lewis
A Teenager In Love,Dion & The Belmonts
Rags To Riches,Tony Bennett
Your Cheatin' Heart,Hank Williams
Lonely Teardrops,Jackie Wilson
Jailhouse Rock,Elvis Presley
Little Darlin',The Diamonds
Long Tall Sally (The Thing),Little Richard
Love Potion No.9,The Clovers
Yakety Yak,The Coasters
Red River Rock,Johnny & The Hurricanes
Come Go With Me,The Del-Vikings
Ready Teddy,Little Richard
"Hey, Good Lookin'",Hank Williams
The Book of Love,The Monotones
Earth Angel (Will You Be Mine),The Penguins
Teach Me Tonight,Dinah Washington
Love Is Strange,Mickey & Sylvia
The Nearness Of You,Ella Fitzgerald
Rock And Roll Music,Chuck Berry
Mannish Boy,Muddy Waters
Passing Strangers,Sarah Vaughan
Keep A Knockin,Little Richard
April In Paris,Billie Holiday
Mr. Lonely,Bobby Vinton
Someone You Loved,Lewis Capaldi
Perfect,Ed Sheeran
Shallow - Radio Edit,Lady Gaga
Someone Like You,Adele
Let Her Go,Passenger
Memories,Maroon 5
This City,Sam Fischer
The Bones,Maren Morris
Girls Like You,Maroon 5
Take Me to Church,Hozier
Just Give Me a Reason (feat. Nate Ruess),P!nk
Apologize,OneRepublic
All of Me,John Legend
Falling Like The Stars,James Arthur
No One,Alicia Keys
If the World Was Ending - feat. Julia Michaels,JP Saxe
Always Remember Us This Way,Lady Gaga
Arcade,Duncan Laurence
Love Someone,Lukas Graham
Something Just Like This,The Chainsmokers
Crazy,Gnarls Barkley
"10,000 Hours (with Justin Bieber)",Dan + Shay
FourFiveSeconds,Rihanna
Sign of the Times,Harry Styles
We Don't Talk Anymore (feat. Selena Gomez),Charlie Puth
A Thousand Years,Christina Perri
you were good to me,Jeremy Zucker
Rolling in the Deep,Adele
Shape of You,Ed Sheeran
How to Save a Life,The Fray
Everywhere,Michelle Branch
Mercy,Shawn Mendes
Just You and I,Tom Walker
Fix You,Coldplay
Dancing On My Own,Calum Scott
Walk Me Home,P!nk
7 Years,Lukas Graham
Rude,MAGIC!
Free Spirit,Khalid
Surrender,Natalie Taylor
Outnumbered,Dermot Kennedy
Light On,Maggie Rogers
Rainbow,Kacey Musgraves
I Guess I Just Feel Like,John Mayer
broken,lovelytheband
Delicate,Taylor Swift
Almost (Sweet Music),Hozier
Thinking out Loud,Ed Sheeran
Royals,Lorde
The Middle,Zedd
Preach,John Legend
Bad,James Bay
Beyond,Leon Bridges
Your Body Is a Wonderland,John Mayer
Scars To Your Beautiful,Alessia Cara
if we never met,John K
Hold Me While You Wait,Lewis Capaldi
On Me (feat. Ava Max),Thomas Rhett
Too Good At Goodbyes,Sam Smith
The Scientist,Coldplay
Sugar,Maroon 5
Rewrite The Stars (with James Arthur & Anne-Marie),James Arthur
Just The Way You Are,Bruno Mars
You Say,Lauren Daigle
Be Alright,Dean Lewis
Love Yourself,Justin Bieber
Ho Hey,The Lumineers
Waiting On the World to Change,John Mayer
Head Above Water,Avril Lavigne
Meant to Be (feat. Florida Georgia Line),Bebe Rexha
Tequila,Dan + Shay
Home,Phillip Phillips
Come On Get Higher,Matt Nathanson
Put Your Records On,Corinne Bailey Rae
I Don't Want to Be,Gavin DeGraw
Send My Love (To Your New Lover),Adele
Stay With Me,Sam Smith
I Miss You (feat. Julia Michaels),Clean Bandit
Chasing Cars,Snow Patrol
Magic,Coldplay
Say You Won't Let Go,James Arthur
I Like Me Better,Lauv
One Call Away,Charlie Puth
Better Together,Jack Johnson
Lucky,Jason Mraz
Issues,Julia Michaels
Let It Go,James Bay
Somebody Else,The 1975
Stay,Rihanna
Photograph,Ed Sheeran
Budapest,George Ezra
Home,Edward Sharpe & The Magnetic Zeros
Feel It Still,Portugal. The Man
Hello,Adele
Bleeding Love,Leona Lewis
Breakeven,The Script
Fight Song,Rachel Platten
Counting Stars,OneRepublic
Sweater Weather,The Neighbourhood
Out Of Love,Alessia Cara
River,Leon Bridges
You And Me,Lifehouse
Yellow,Coldplay
Ghost,Ella Henderson
Please Don't Go,Joel Adams
Next To Me,Emeli Sandé
Rehab,Amy Winehouse
Back To December,Taylor Swift
The A Team,Ed Sheeran
September Song,JP Cooper
When I Was Your Man,Bruno Mars
Drops of Jupiter (Tell Me),Train
Rise Up,Andra Day
Somewhere Only We Know,Lily Allen
Brave,Sara Bareilles
Ever the Same,Rob Thomas
Die A Happy Man,Thomas Rhett
Lay Me Down,Sam Smith
Bubbly,Colbie Caillat
I Won't Give Up,Jason Mraz
Life Of The Party,Shawn Mendes
Love Somebody,Maroon 5
Best Day Of My Life,American Authors
Paradise,Coldplay
Bright,Echosmith
If I Ain't Got You,Alicia Keys
Stolen Dance,Milky Chance
Demons,Imagine Dragons
Somebody That I Used To Know,Gotye
New Soul,Yael Naim
100 Years,Five For Fighting
All I Want,Kodaline
Because of You,Kelly Clarkson
Skinny Love,Birdy
The Lazy Song,Bruno Mars
I Try,Macy Gray
If You're Gone,Matchbox Twenty
The Reason,Hoobastank
Say Something,A Great Big World
Sweet Creature,Harry Styles
Here Without You,3 Doors Down
Jar of Hearts,Christina Perri
Lost Boy,Ruth B.
Praying,Kesha
Like I'm Gonna Lose You (feat. John Legend),Meghan Trainor
Story of My Life,One Direction
Love Someone,Jason Mraz
XO,John Mayer
Latch - Acoustic,Sam Smith
One Headlight,The Wallflowers
Set Fire to the Rain,Adele
Use Somebody,Kings of Leon
Heaven,Los Lonely Boys
This Love,Maroon 5
Jealous,Labrinth
Wherever You Will Go,The Calling
Push,Matchbox Twenty
Jolene,Ray LaMontagne
Almost Lover,A Fine Frenzy
Superman (It's Not Easy),Five For Fighting
Up&Up,Coldplay
Marvin Gaye (feat. Meghan Trainor),Charlie Puth
Calling All Angels,Train
Only Love,Ben Howard
A New Day Has Come,Céline Dion
When We Were Young,Adele
human,Christina Perri
Drift Away,Uncle Kracker
Suddenly I See,KT Tunstall
Fidelity,Regina Spektor
I Choose You,Sara Bareilles
Lego House,Ed Sheeran
Unconditionally,Katy Perry
Keep Your Head Up,Andy Grammer
A Thousand Miles,Vanessa Carlton
Young And Beautiful,Lana Del Rey
Barcelona,George Ezra
Drive,Oh Wonder
Girl on Fire,Alicia Keys
Irreplaceable,Beyoncé
Let It All Go,Birdy
Riptide,Vance Joy
Over My Head (Cable Car),The Fray
Chocolate,The 1975
It Will Rain,Bruno Mars
One,Ed Sheeran
Not Over You,Gavin DeGraw
We Are Young (feat. Janelle Monáe),fun.
Girls Chase Boys,Ingrid Michaelson
Banana Pancakes,Jack Johnson
Love Me Now,John Legend
Make You Feel My Love,Adele
Realize,Colbie Caillat
Stuck In A Moment You Can't Get Out Of,U2
Big Yellow Taxi,Counting Crows
Meet Virginia,Train
Her Diamonds,Rob Thomas
Slide,The Goo Goo Dolls
Little Things,One Direction
1234,Feist
Taking Chances,Céline Dion
Good Life,OneRepublic
Thunder,Imagine Dragons
The Cave,Mumford & Sons
You Found Me,The Fray
Name,The Goo Goo Dolls
Collide,Howie Day
Home,Michael Bublé
Too Much To Ask,Niall Horan
Beautiful Day,U2
Complicated,Avril Lavigne
Home,Daughtry
Mine,Taylor Swift
Already Best Friends (feat. Chris Brown),Jack Harlow
Chosen (feat. Ty Dolla $ign),Blxst
R&B Shit (feat. A Boogie Wit da Hoodie),J.I the Prince of N.Y
Invisible Scar,Rod Wave
Talk To Me,Drakeo the Ruler
Born 2 Be Great,Lil Tjay
Fck Boys,Blxst
Enough,Lil Mosey
BANKRUPT,Russ
TIME FOR YOU,FRVRFRIDAY
Get What You Want (feat. PnB Rock),DDG
Come Thru,Tre' Amani
Mood Swings (feat. Lil Tjay & Summer Walker) - Remix,Pop Smoke
Like This,2KBABY
Feel Better (feat. Toosii),BRS Kash
Holdin Me Down,King Combs
Never Lose You,Kalan.FrFr
Plus 10 (feat. Jack Harlow),Seddy Hendrinx
This Weekend (feat. Ty Dolla $ign),Phora
Sex Lies (feat. Lil Baby),Mulatto
Paper Cuts (feat. Wiz Khalifa),Casey Veggies
Rank,PRICE
Losing Focus (with Wale),THEY.
World of Trouble,Kossisko
Flawed (feat. Gunna),Wale
BABY,Sage The Gemini
Stay Down (with 6LACK & Young Thug),Lil Durk
FAIRY TALES (feat. BJ The Chicago Kid),CHIKA
Still Yours (feat. Big Sean),Bryson Tiller
Good Vibes (Za),Wale
Trap Smarter,SAFE
Touchdown (with Bankrol Hayden),YSB Tril
Outta Time (feat. Drake),Bryson Tiller
Mud Brother,YSN Flow
WORLD,Lonr.
"Diamonds On Me (feat. Gunna, & Yella Beezy)",DaniLeigh
Cry,Kavale
Guilty,Sevyn Streeter
Love You Too (feat. Kehlani),Lil Durk
LOVE (feat. Trippie Redd),Shordie Shordie
Options (with Wale),EARTHGANG
Ghetto Love Birds,Yung Bleu
Siberia (feat. Burna Boy),Headie One
Tyler Herro,Jack Harlow
Sunshine (The Light),Fat Joe
Gang Signs (feat. ScHoolboy Q),Freddie Gibbs
Feel A Way (feat. Kanye West & Brent Faiyaz),2 Chainz
"SHELTER ft Wyclef Jean, ft Chance The Rapper",VIC MENSA
Bullshit (with Summer Walker),Young Rog
Inhale,KAS
Damn (feat. 6lack),Omah Lay
You Ain't Worth It (with 6LACK),Melii
All the Smoke (feat. Gunna & Wiz Khalifa),Tyla Yaweh
Girl Like You (with Sech & Tyga feat. J.I the Prince of N.Y),Dímelo Flow
Both of Us (feat. Rick Ross & Layton Greene),YFN Lucci
You Got It - Remix,Vedo
Get Married,Smoove'L
2hrs,tobi lou
Reminds Me Of You,Juice WRLD
Feen,Luh Kel
Hate On Me,YG
Nasty (feat. Rubi Rose),Rich The Kid
ARI,K CAMP
Way Past 12 (feat. Monty),Fetty Wap
Ride 4 Me (feat. Jackboy),Lil Zay Osama
Twirlanta,22Gz
Poppin,Lakeyah
No Competition,Remble
Rule #1 (feat. Lil Yachty),DDG
Track Star,Mooski
Finna Charge,Whookilledkenny
Jiddy,RETRO
38 Sides (feat. YoungBoy Never Broke Again),NoCap
Look At Me,Kalan.FrFr
Click Up,Fredo Bang
back together,Toosii
2 Sauce,Sleepy Hallow
In The Kitchen,Pote Baby
"SoIcyBoyz 3 (feat. Gucci Mane, Pooh Shiesty, Foogiano & Tay Keith)",Big Scarr
Knock Knock,SoFaygo
Who Want Smoke?,Nardo Wick
Problem feat. Pooh Shiesty,Money Mu
Free Foo,Foogiano
Pop It (feat. Megan Thee Stallion),Bankroll Freddie
Link Up (feat. Pooh Shiesty),Lil Loaded
Rih,Kenny Mason
Yeah Kool (feat. Lil Uzi Vert),FXXXXY
Special Remix (feat. Moneybagg Yo),EST Gee
Made For This (feat. Lil Eazzyy),3xbravo
Box of Churches (feat. 21 Savage),Pooh Shiesty
Chanel Bag,KillBunk
no sense,Baby Keem
Tampa,Cico P
Miseducation (feat. Lil Wayne),Calboy
Route 66 (feat. EST Gee),Jack Harlow
BRACES (feat. YBN Nahmir),Prince Taee
2 Pills (feat. Toosii),Rico Cartel
Not The Same,Lil Gnar
Opp Boyz,Yungeen Ace
NOHO (feat. ICECOLDBISHOP),AG Club
Rich Off Grass - Remix,Bankroll Freddie
Hood Melody (feat. Youngboy Never Broke Again),DDG
Toosie,Lil Gotit
Bad,BBY KODIE
TRUTH (feat. Sam Truth and redveil),AG Club
Yucky Blucky Fruitcake,Iamdoechii
Stashbox (feat. Lil Durk),Tay B
Money Long (feat. 42 Dugg),DDG
Lil League (feat. Quavo & Hit-Boy),BlueBucksClan
Legendary,Klass Murda
Fvck Dat,Jabb
SLIDE,KAS
TACKLE,Joey Trap
WOO BACK,Rah Swish
Wok,Lil Gotit
No Safety,Jay Loud
Live On (Thuggin Days) - Remix,Nuski2Squad
No Hook,Big Jade
Triple S,YN Jay
Feel Like A Boss (feat. 42 Dugg),Badda TD
GOD LEVEL FREESTYLE,BBY KODIE
Run Wit It,LBS Kee'vin
The Code,Dominique
Fast Car Music (STAIN),YBN Nahmir
Own My Masters,Jackboy
"Designa (Corvette Corvette, Pt. 2)",Popp Hunna
Federal,Bfb Da Packman
Calabasas,ssgkobe
Missiles (feat. Trippie Redd),Lil Gnar
Laugh Now,Trapboy Freddy
FEEL LIKE,Aaron May
No Brakes,Slimelife Shawty
Jesse Owens (feat. NAV),Rowdy Rebel
Right Now (feat. Stunna 4 Vegas),Quin Nfn
Stay Down,Yung Mal
Dior You,Scorey
Nothin 2 Me,Jazz Cartier
SIX80SOUTH,Myles Parrish
Woo Hah!! Got You All in Check,Busta Rhymes
Shimmy Shimmy Ya,ODB
"How Do You Want It (ft. KC, Jojo)",2Pac
Crush on You (feat. Lil' Cease) - Remix,Lil' Kim
Loungin (Who Do Ya Luv),LL Cool J
Hard Knock Life (Ghetto Anthem),JAY-Z
Everything Remains Raw,Busta Rhymes
What U See Is What U Get,Xzibit
N.O.R.E.,N.O.R.E.
X Gon' Give It To Ya,DMX
"Money, Power & Respect (feat. DMX & Lil' Kim)",The LOX
Nas Is Like,Nas
Fu-Gee-La,Fugees
ATLiens,Outkast
Smile,Scarface
Me And My Crazy World,Lost Boyz
Ghetto Supastar (That is What You Are) (feat. Ol' Dirty Bastard & Mýa),Pras
Who Dat,JT Money
Da Rockwilder,Method Man
Bling Bling,B.G.
"Left, Right, Left",Drama
Still D.R.E.,Dr. Dre
Bitch Please,Snoop Dogg
How To Rob,50 Cent
Horse & Carriage (feat. Mase),Cam’ron
Holla Holla,Ja Rule
Make 'Em Say Ugh,Master P
"Shut Up (feat. Duece Poppito of 24 Karatz, Trina, & Co of Tre +)",Trick Daddy
Triumph (feat. Cappadonna),Wu-Tang Clan
Cell Therapy,Goodie Mob
Find a Way,A Tribe Called Quest
Joints & Jam,Black Eyed Peas
Da B Side (feat. The Notorious B.I.G.),Da Brat
How Ya Livin' featuring Nas,AZ
Tell Me,Smilez and Southstar
Definition,Black Star
Discipline,Gang Starr
My Name Is,Eminem
"New York, New York",Tha Dogg Pound
I Want It All (feat. Mack 10),Warren G
Gang Gang,Lil Tjay
Cry Baby (feat. DaBaby),Megan Thee Stallion
Young and Ratchet,Lakeyah
Spicy (feat. Post Malone),Ty Dolla $ign
"FRANCHISE (feat. Future, Young Thug & M.I.A.) - REMIX",Travis Scott
For Me,CHASE B
We Paid (feat. 42 Dugg),Lil Baby
PRACTICE,DaBaby
Just Like Martin,IDK
Runnin,21 Savage
Laugh Now Cry Later (feat. Lil Durk),Drake
Nah Nah Nah (feat. DaBaby & 2 Chainz) - Remix,Kanye West
Low Key (feat. Lil Uzi Vert),Doe Boy
Buss It (feat. Travis Scott),Erica Banks
Middle of It (feat. Vory),Meek Mill
Honey Pack (feat. Lil Yachty & DDG) - Remix,Bfb Da Packman
UGLY (feat. Lil Baby),Russ
Quarantine Thick,2 Chainz
Laughin (feat. DaBaby),Rich The Kid
MOLLY (Remix) [feat. DaBaby],Foogiano
Mine (feat. Rubi Rose),Trap Manny
Face Of My City (feat. Lil Baby),Jack Harlow
Food Stamp Hoe (feat. Saucy Santana),Sukihana
Adderall (Corvette Corvette) - Remix,Popp Hunna
Bring Out The Hoochies,YBN Almighty Jay
Show Out (with Skepta & Pop Smoke),Kid Cudi
So Pretty,Reyanna Maria
I Stand On That,E-40
You A Dime,DJ Chose
Trust,Fivio Foreign
No No No (feat. A Boogie Wit Da Hoodie),Flipp Dinero
THICK (feat. Megan Thee Stallion) - Remix,DJ Chose
That Go! (feat. T-Shyne),Young Stoner Life
Jiggin,NLE Choppa
So High,Tm88
FDH,LightSkinKeisha
"Pussy Talk (feat. Quavo, Lil Wayne, & Jack Harlow) [Remix]",City Girls
That’s It,Future
Money To Get,YFN Lucci
SPEND IT,Juicy J
Tweakin (feat. Future),Doe Boy
Are U Live,Chance the Rapper
Bossa Nova (feat. Tee Grizzley),Kash Doll
Toni,2 Chainz
BIA BIA (feat. Lil Jon),BIA
Jumpin Out The Face,Lil Mosey
On Fleek (feat. Gunna),Yella Beezy
What That Speed Bout!?,Mike WiLL Made-It
What You Know Bout Love,Pop Smoke
Move (feat. Saweetie),Lil Tjay
Whole Lotta Liquor (feat. Future & PARTYNEXTDOOR),Rubi Rose
Luv Is Dro (feat. Static Major & Bryson Tiller),Jack Harlow
Surgery,YG
Impatient (feat. Coi Leray),DDG
Good Evening,Shordie Shordie
Too Much,Lakeyah
This Side ft. Landstrip Chip,Vory
Thieves In Atlanta (feat. Coi Leray),Yung Bleu
Got It All,Blxst
We Outta Here,Dom Kennedy
Yes or No (feat. IV JAY),Lil Eazzyy
Feels so right,Larry June
Tyrone 2021 (feat. Big Sean),Ty Dolla $ign
Moon Juice (feat. Jeremih),T.I.
Excitement,Trippie Redd
Wet (feat. Mulatto) - Remix,YFN Lucci
Timeless Interlude,Bryson Tiller
Coming,Naira Marley
My Touch,Chop Daily
Sempe,L.A.X
Sugar Daddy,DJ Enimoney
Dimension (feat. Skepta & Rema),JAE5
Hallelu,Masterkraft
Southy Love,Peruzzi
Juba (Bow),Peruzzi
Ke Star - Remix,Focalistic
Getting Late,Tyla
Animalistic,Kida Kudz
Bounce,Rema
Godly,Omah Lay
Baajo,Kwesi Arthur
FOR YOU,Teni
KOLO (feat. Oxlade),Ice Prince
Señorita,Rayvanny
Alright (feat. Shatta Wale),King Promise
Emotions,Boj
Koleyewon,Naira Marley
Summeryomuthi,Blaq Diamond
Koroba,Tiwa Savage
Tellin Me Something,Nelson Freitas
Falling For U,Blaq Jerzee
Jowo,DaVido
sugar,Zubi
Nu Riddim,Ycee
DRUNK GUITAR (feat. Potter Payper),NSG
Forever,Gyakie
MOSLADO,Teni
Focus,Joeboy
Sore - Remix,Yaw Tog
Likolo (feat. Ninho),Fally Ipupa
Infinity (feat. Omah Lay),Olamide
REQUIRE,DJ Tunez
Pronto,Ajebo Hustlers
Activate,Stonebwoy
One Leg Up,Blaq Jerzee
Antidote (feat. Adekunle Gold),Nao
Away,Ayra Starr
If E Happen For Lagos,Runtown
MONEY DANCE,Dice Ailes
E Be Mad,Mr Eazi
Pick Up,Darkoo
Emakhaya (feat. Da Capo & Sun-El Musician),Simmy
Jeje de Whine,CKay
Interest (feat. Ms Banks & Oxlade),Dolapo
Jafafa,Chinko Ekun
Thunda Thighs,Moonchild Sanelly
Flava (feat. Una Rams & Tellaman),Black Coffee
Jamani,Sho Madjozi
Ryde,Niniola
Real Man,Korede Bello
Sukari,Zuchu
Champion,Serge Ibaka
Ziplock,Saba
My Lady,Coast Contra
listen to my album,Marlon Craft
Big Boss Rabbit,Freddie Gibbs
Wolves,Kota the Friend
IYKYK,Belly
Cog In The Machine,Bobby Sessions
TV Boy,Westside Gunn
Overall (feat. Chinx),Benny The Butcher
Faygo Baby,Kipp Stone
Falling out the Sky,Armand Hammer
SAVE YOU,CHIKA
Emotionally Dumb,Kota the Friend
Pyro [Sango Leak Feat. Kenny Mason],Denzel Curry
Thanksgiving,Benny The Butcher
Black Sunlight,Armand Hammer
DIET_1.5 [Feat. Benny The Butcher],Denzel Curry
Outside (with Joey Bada$$),WESTSIDE BOOGIE
Plug Talk (feat. 2 Chainz),Benny The Butcher
So.Incredible.pkg [Robert Glasper Version Feat. Smino],Denzel Curry
Sanctuary,D Smoke
Skegee,JID
Broad Day,Hit-Boy
Way We Move,Big Ghost Ltd
Say A Prayer (feat. Curren$y & Jay Worthy),Jim Jones
"If Not Now, When?",Anoyd
EPMD,Nas
Ballads (with Conway The Machine),JID
Luxury Lies (feat. Big Body Bes),Jim Jones
Losses to Blessings,Big Ghost Ltd
Lot To Give,Marlon Craft
Laps Around the Sun,Jim Jones
Burning Bush,Grip
Cludder,JID
Marcus Smart,Peter Rosenberg
Nutshell Pt. 2 (feat. Busta Rhymes and Redman),Phife Dawg
Typical Shit,Chris Patrick
Pomegranate,Kota the Friend
I Can't Lose,Erick the Architect
Hubbard St.,Anoyd
Breaking News,Dexta Daps
Sidepiece,Projexx
Crocodile Teeth,Skillibeng
Gal Policy,Kranium
Cree,Alkaline
Public Enemy No.1,Intence
Smooth (feat. Skillibeng),Jahvillani
Pree,Skillibeng
Top Prize,Alkaline
Run,Skillibeng
Clean,Mavado
Catch 22,Prince Swanny
Intercourse (feat. Popcaan & Mustard),Megan Thee Stallion
SUH ME LUV IT (feat. Jada Kingdom),Popcaan
Hot,Skillibeng
Stay So,Busy Signal
Through The Window,Kranium
Call Me If,Dexta Daps
Honda,Twani
Backseat,Moyann
Wine All Day,Popcaan
Still a Roam,Squash
Lockdown,Koffee
Ocean Wave,Alkaline
Good Comfort,DJ Frass
Dat Eazy,Aidonia
You Just Want,Teejay
TWIST & TURN (feat. Drake & PARTYNEXTDOOR),Popcaan
Elegance,The Rara
Total Murda,Alkaline
Oh Lawd,Stylo G
Coke,Skillibeng
Seen It Before,Busy Signal
Bruck It Off,Popcaan
Not,Skillibeng
Everest,Sean Paul
Toxic,Kranium
No Limit,Moyann
Boom,Sean Paul
Virgin,Jah Vinci
Promise,Masicka
"No Love ft. Mozzy, ft. Cypress Moreno",Kalan.FrFr
How Many,Guapdad 4000
Organic Work,Larry June
Horace Grant,BlueBucksClan
Freak (feat. Juvenile),Rexx Life Raj
Zero Tolerance,Pacman da Gunman
Real Life (feat. Roddy Ricch & Mustard),Ty Dolla $ign
That Ain't My Type,Haiti Babii
Roaches In My Ashtray,Snoop Dogg
Day 1 Starter (feat. Remble),GirlzLuhDev
Stay Dangerous,Bravo the Bagchaser
Red Light,Kid Ink
Clicquot Shower,Caleborate
BREAKFAST,Bino Rideaux
Built for Everything,Rexx Life Raj
We Know The Truth,Drakeo the Ruler
Boomerang (feat. Snap Dogg),YS
PROFESSIONAL,Joey Trap
Monday Neva Promised,J.R Cruise
What It Feels Like,Nipsey Hussle
All Bets Off,Katori Walker
Bad Dreams,PRICE
Moving Fast,Dom Kennedy
Big Homie (feat. 2 Chainz),Symba
This That Shit,Haiti Babii
LICKED,Joey Trap
Holy Water,Lil Mosey
Respect My Mind,Dom Kennedy
Leave Nothing,Offset Jim
& Again II,Dave B.
6 For 6,Central Cee
Blueberry Faygo,Lil Mosey
WHATS POPPIN,Jack Harlow
ROCKSTAR (feat. Roddy Ricch),DaBaby
Life Is Good (feat. Drake),Future
After Party,Don Toliver
Hello (feat. A Boogie Wit da Hoodie),Pop Smoke
Dior,Pop Smoke
HIGHEST IN THE ROOM,Travis Scott
F.N,Lil Tjay
"WHATS POPPIN (feat. DaBaby, Tory Lanez & Lil Wayne) - Remix",Jack Harlow
BOP,DaBaby
Drankin N Smokin,Future
High Fashion (feat. Mustard),Roddy Ricch
THE SCOTTS,THE SCOTTS
DOLLAZ ON MY HEAD (feat. Young Thug),Gunna
Broke In A Minute,Tory Lanez
Woah,Lil Baby
goosebumps,Travis Scott
Walk Em Down (feat. Roddy Ricch),NLE Choppa
VIBEZ,DaBaby
The Box,Roddy Ricch
Need It,Migos
Hot (Remix) [feat. Gunna and Travis Scott],Young Thug
"Ego Death (feat. Kanye West, FKA twigs & Skrillex)",Ty Dolla $ign
Gorgeous,SAINt JHN
No Idea,Don Toliver
Turks (feat. Travis Scott),NAV
Sum 2 Prove,Lil Baby
P2,Lil Uzi Vert
GATTI,JACKBOYS
Richer Than Ever,Fivio Foreign
Sleep With The Roaches,Young Dolph
Special Remix (feat. Moneybagg Yo),EST Gee
Plug Daughter 2,Kevin Gates
Used To This,Pyrex Pryce
Penguins,Young Dolph
Top (Remix) feat. Lil Durk,Fredo Bang
Outside,MO3
Thugged Out (feat. Kodak Black),YNW Melly
Weekend,Nebu Kiniza
Inhaled,Ahmad Anonimis
Aspen,Young Dolph
Period (feat. DaBaby),Boosie Badazz
Campbellton (feat. King Von),Madmarcc
Rolando (Caught In The Rain),DUSTY LOCANE
Successful,Young M.A
Off the Yak,Young M.A
Proud Of Me Now,Sheff G
I Get That,Desiigner
2020K,Qrunitup
Warm Ups (feat. Leeky G Bando),Rah Swish
RUMBLE,DUSTY LOCANE
Yea Yup,Fedd the God
Rose Gold (feat. King Von),PnB Rock
Rich Nigga Problems,A$AP Rocky
Black Bruce Wayne,Tunji Ige
WINNERS,Ron Suno
Game Time,Funkmaster Flex
Manhattan Vibes,Lil Rekk
Collections,22Gz
Goin’ UP,CJ
Wavy,DAISY SIMO
Dirt,Anoyd
Bandemic,Bizzy Banks
Confetti,Leeky Bandz
Living Life (feat. Lil Baby & YXNG K.A.),Lil Muk
Same Niggas,Shordie Shordie
Damn Shame,Funkmaster Flex
Top Opp Vulture,Stunna Gambino
Super Bounce,Duckwrth
ROXY,Terrell Morris
Rainbow Bap,Jaden
On My Shit (feat. Joey Bada$$),Phony Ppl
For Real (feat. Kemba),Jharrel Jerome
COUNT ON ME,BROCKHAMPTON
Long Beach,Kota the Friend
Backstage Pass (with Monte Booker & The Drums),Smino
Contact,Caleborate
Compensating (feat. Young Thug),Aminé
Herringbone,Topaz Jones
Endorphins,tobi lou
Plead The .45th,Smino
Carefree,Mick Jenkins
LEAP!,Souly Had
Product Of My Environment (feat. Kota the Friend & Erick the Architect),Nyck Caution
"fuego (feat. Tyler, The Creator)",Channel Tres
I Like That,The Last Skeptik
terms (feat. Dominic Fike & Denzel Curry),slowthai
Neither Here Nor There,tobi lou
Becky,Aminé
Made Me Everything Pt. 2 (feat. Maxo Kream),TOBi
Rapture,David Wolves
In The Morning,Wynne
Dunya (feat. LukeyWorld),GoldLink
Do Not Disturb,Angelo Mota
Backyard,Kota the Friend
HEAVY,Ivy Sole
OKAY (feat. Dreezy),tobi lou
Mirrors,Rejjie Snow
Beige,TOBi
Acres,Proton
Steamy,seeyousoon
Aura (feat. Kojey Radical),Rexx Life Raj
nhs,slowthai
BUZZCUT (feat. Danny Brown),BROCKHAMPTON
"End Of Daze (with EARTHGANG & JID feat. Jurdan Bryant, Mereba & Hollywood JB)",Spillage Village
Jobs,City Girls
I Am (feat. Flo Milli),Yung Baby Tate
Walk,Saucy Santana
She Make It Clap,Soulja Boy
Tap In,Saweetie
Money Mouf,Tyga
WAP (feat. Megan Thee Stallion),Cardi B
Body,Megan Thee Stallion
Yikes,Nicki Minaj
Said Sum (feat. City Girls & DaBaby) - Remix,Moneybagg Yo
Then Leave (feat. Queendom Come),BeatKing
On God,Mulatto
Gucci Bag,Big Jade
Been Did That,Tokyo Jetz
Asthma Pump (with Flo Milli),Tay Money
May I,Flo Milli
Thick Ole,Kid Ink
WOO!,Charmaine
Shake Dat A$$,BAHA BANK$
Step It Up,Mulatto
Every 4,KenTheMan
Do It On The Tip (feat. City Girls & Hot Girl Meg),Megan Thee Stallion
Kash App (feat. Mulatto),BRS Kash
Zoom,Leikeli47
NO Hook,Dess Dior
Hands On Ya Knees (feat. Kevin Gates),Renni Rucci
Throw Dat,Erica Banks
Wake Up (feat. Mulatto),Ty Bri
The Recipe,Aluna
Mandy,Scribz Riley
D & G (feat. Summer Walker),DaVido
AWAY,Oxlade
See Through,Chip
No Stress,WizKid
Real Life (feat. Stormzy),Burna Boy
Silver Tongue Devil (feat. Shenseea),Masego
Ginger (feat. Burna Boy),WizKid
Lonely,Joeboy
4AM,Manny Norté
"PAMI (feat. Wizkid, Adekunle Gold & Omah Lay)",DJ Tunez
Gum Body (feat. Jorja Smith),Burna Boy
Know Your Worth,Khalid
Love Somebody,Rotimi
Ginger Me,Rema
ALREADY,Beyoncé
Blessings REMIX (feat. French Montana & Davido),Angel
Baby I'm Jealous,Mr Eazi
Smile (feat. H.E.R.),WizKid
Dream Girl - Global Remix,Ir Sais
In My Bed,Rotimi
Attention,Tiwa Savage
Peace Of Mind,Rema
Killa (feat. DaVido),Teyana Taylor
MAD,Sarz
Oreke,E Kelly
Princess Cuts (feat. Young T & Bugsey),Headie One
Blessed (feat. Damian Marley),WizKid
Eve Bounce - Remix,Yung L
FIND YOUR WAY BACK,Beyoncé
Soweto Blues,Juls
Repeat (feat. Koffee),J Hus
Lo Lo,Omah Lay
Lenu - Remix,Buju
Smooth MF,Agho
Gimme Love - Remix,Seyi Shay
Koroba,Tiwa Savage
Do To Me,H.E.R.
Location (feat. Burna Boy),Dave
I No Go Give Up On You,Mr Eazi
Bad Shit,Jarreau Vandal
ELI,Fireboy DML
Wonderful,Burna Boy
Everytime,Spinall
Sponono,Kabza De Small
Wishes,Juls
Tattoo,Fireboy DML
Play Play (feat. Burna Boy),J Hus
Longtime (feat. Skepta),WizKid
The Don,Mr Eazi
Take Me Home,Lady Donli
Champion,Fireboy DML
Come Over (Remix),Jorja Smith
JA ARA E,Burna Boy
Body Riddim,Runtown
Gal Policy (Remix) [feat. Tiwa Savage],Kranium
Say Cheese,KiDi
Joro,WizKid
Be Honest (feat. Burna Boy),Jorja Smith
Peace Of Mind,Ayo Jay
My Oasis (feat. Burna Boy),Sam Smith
I Spy,Lila Iké
Risky,DaVido
Anybody,Burna Boy
Curious (feat. Jimi Tents & Garren),VanJess
Pretty Girl,Adekunle Gold
So Crazy (feat. Lil Baby),DaVido
Temptation,Tiwa Savage
Simmer (feat. Burna Boy),Mahalia
Angelina,Juls
New York City Girl,Fireboy DML
Going Out Of My Way (feat. Mr Eazi),M.O
Holy Ground (feat. Nicki Minaj),DaVido
I Don't Know,Nana Rogues
Simple Things [Feat. Tory Lanez & Rema],DJDS
Dope,Amiri Baraka
The Revolution Will Not Be Televised,Gil Scott-Heron
When The Revolution Comes,The Last Poets
Pick Your Poison,Nego True
LITW,Afrikan Boy
Parsley,Rita Dove
The Ballad of the Free,Margaret Walker
Heritage,Countee Cullen
Blk/ Wooomen/ chant,Sonia Sanchez
Kitchenette,Gwendolyn Brooks
I Too,Langston Hughes
Dreams,Langston Hughes
Africa,Maya Angelou
Mile High,James Blake
